<?xml version="1.0"?>
<!DOCTYPE hibernate-mapping PUBLIC "-//Hibernate/Hibernate Mapping DTD 3.0//EN"
"http://www.hibernate.org/dtd/hibernate-mapping-3.0.dtd">
<!-- Generated Apr 2, 2019 11:01:42 AM by Hibernate Tools 4.3.1 -->
<hibernate-mapping>
    <class name="com.mycompany.pro1.Orders" table="ORDERS" schema="USER1" optimistic-lock="version">
        <id name="orderNum" type="int">
            <column name="ORDER_NUM" precision="6" scale="0" />
            <generator class="assigned" />
        </id>
        <many-to-one name="agents" class="com.mycompany.pro1.Agents" fetch="select">
            <column name="AGENT_CODE" length="6" />
        </many-to-one>
        <property name="orderAmount" type="big_decimal">
            <column name="ORDER_AMOUNT" precision="12" />
        </property>
    </class>
</hibernate-mapping>
