<?xml version="1.0" encoding="UTF-8"?>
<!DOCTYPE hibernate-configuration PUBLIC "-//Hibernate/Hibernate Configuration DTD 3.0//EN" "http://hibernate.sourceforge.net/hibernate-configuration-3.0.dtd">
<hibernate-configuration>
  <session-factory>
    <property name="hibernate.dialect">org.hibernate.dialect.Oracle10gDialect</property>
    <property name="hibernate.connection.driver_class">oracle.jdbc.OracleDriver</property>
    <property name="hibernate.connection.url">jdbc:oracle:thin:@localhost:1521:XE</property>
    <property name="hibernate.connection.username">user1</property>
    <property name="hibernate.connection.password">pass</property>
    <property name="hibernate.show_sql">true</property>
    <mapping resource="com/mycompany/pro1/Orders.hbm.xml"/>
    <mapping resource="com/mycompany/pro1/Agents.hbm.xml"/>
  </session-factory>
</hibernate-configuration>
